filename,label,raw_text
Cgrise.png,carte_grise,"w!g__,,.;,}……/ N°Seriedutype B Ps

# SKPA341AB4, 987654 es u""

Ë onstsucteur LHGN8IDP92123456 Type constructeuy L 9

É HVuNpue ‘

°‘V @Læ.jlô.}’ œcommemal 15/Û3/2022 DPMC UYNL'UJ) J5’è' ü
ACCENT

09/03/2012

——

Oreate AI
"
Cgrise1.png,carte_grise,"— “ ‘
' =N RÉPUBLIQUE TUNISIENNE
100

_ A CERTIFICAT D'IMMATRICULATION
\ \3 |

H
‘ - S

N

É % L Eal $ 551 cc N° Serie du type
Ë 3KPA341 ABLE283793

F jLuasl Constructeur

ÊCO A

=— Laëil ! Type commercial
2 8 &> Type

-U * Ro

(

sn daL és
Nou e Frenem ""

Adresse

05355012 CON bou M (< 25 92 - |

dolà 5 ls se Gorre $ |*
H9S4K461F — nypo contratoe 200750
2020/07/07 V USN S

//
//
(a

—
"
Cgrise2.png,carte_grise,
Cgrise4.png,carte_grise,"“ > © U FÉPUBLIQUE TUNISIENNE
z O) _ RF D'IMMATRICULATION
> _ ©

> \\_ co

\È\ N m « . 1'
\\ } $ J) DE
100 EJ € due ;
sO0OIIT - ; _ ; ,//
\\ ; [ }

EN b puall N° Sere du type

Ë"" 5 YFBURHEBKPÜ7ô543

=0 EE œ Co”St[üCt&L[l ÔJLH Genre ; '
S é TOYOTA VFIABCD 12345678 901 Tpe Constructeur
Rs z — SÏl Es Type commercial

Œ 20/05/2023 DPMC _ SysaL JS Jl sb

12/06/2018

@ dui ql ds yggodl

(Fn 3.:'—g..ﬁû

doxe y djlu ÂVl pl
Nom et Prénom

Adresse

78945612 CN (ou MF) ( +2)98765432

vols bLèul

@lal ey

<
—
- \\
“
“
- —
\\
Ts
S
ÇW0 N
“
S.

Oreate AI
"
Cgrise5.png,carte_grise,"2 Esar ; S
J E rn / 3KPA341 ,*
É ,ÊE l° / Cons/æ£2î41A

:
L

//Î %“”Z
E E IÉE
,/.‘{ //{///É -
Æ p C=

Oréaté AI

"
Cgrise6.jpg,carte_grise,"wtYUBAVE % \\o\\‘> \YJ\\
CLAUS 1CAt OV QAGUAKS FIVON
"
Cgrise7.jpg,carte_grise,"cs -
QS
“

|
° \
N s= s..
> POSS LUNS- Q <
° > “ - \\‘ “ “ Qe
> Ç “ \\ \ “ \\\ ; _ _ °
s“ \ D9 . Ç \ Ç u Ç \ ;
; ‘ \\\\ N \\\\_ ; \\\\\: 1 \
e > \‘ ; .. \\ _ S _ >. \A
, N ns N N ! s2
; è\‘7 ; > C = mTs \
SS UN réPobuque TUNNIEEINE PION ;
: =Ç ÎOO CERTIFICAT D'IMMATRICULATION 22005
‘ S °‘ ‘ T …. RE

S SoLgui

\
T. v A
“ x ‘

MAHOOU ABDAUL t
\ *L°—.=}9—À“—e“ä—l Vhalt
- ! N T > Abseo
:Î t d érate ce N° Senls do lype e Aonriré isLian
N . 2KLB780XYUB 12245677 JF——E Gours Gémadt
| © RENAO 10"" H54H«o10 7 vn e cn
Î°© LUI JI T commimial 2023/01/
O eq

DUME SL J A

sX. SS NS ° N \\ä\Gäate\Ôî
\:\;\\\\\ \\\\à\\ \\\\\\._\.\\ %
\‘\ - F
"
constat1.png,constat_amiable,"CONSTAT AMIABLE D'ACCIDENT AUTOMOBILE

Dute de l'acodere 12 / 0S / 2024 Lave : Ueu Tunis
ticurose 14:30 Tüunis - Avenue Habib Bour3u.‘bq

L

12 CINCONSTANCES - [e)

VEHCUNEE

Proses d'umrerce / aacaré 3 ”‘::_:‘: rrn & | Preres C'ouvrarce l'esact
Akmed Ben Salah Cormorct 6 notsse Kacirm Gharbi _
N° Coux 00123456 O Formara éas tmtote O | wcovan _28934S612
O Fcncaec cl 6e Cococe [s
Sootsé d'avissance ZAMI Âssurances O Fexcrcroroe orrosce = Sootté Jorusance . STAR Assurances
vencue @) Tona 88 61 atee A
Murus FEUGEOT. ? Dorut. vtrses RENAULT
Type - 308 _ Type -Ctio.

N° dermaineuudon 123 uiys 4SGT_ N° Jummaineuation 456 u3e5 F89O

12. Ctrecano c'orseras

pa

°—v—f—0

Dégâts appurents
Pare-chocs avant

Phare 3auck€

Dégâts opparents
Porte arrière droite

Aile droite

Signature des conductours

… Jh | SRE ù
"
constat2.png,constat_amiable,"- ….

& sLJ As5y Aisla
GRV D gle e L Jl Aj e 5
’:0 Constitue pas une reconnassance de fusponsabité mars un rolové sb 1 hdde US Leugypeao Ul 57 5
es dentres àt des fans, snevant à lacentérstion du réglement aog! r'l""-""f
Dato d'accidentto 24 |°H/ 202A Houre:AL419 9h . éets20, . —. diss é
Dépâts matenuts autros quaux votucules À «t B Oui l [ f ' Œ°“ l E l =3 } cé »_‘f“*‘”“f““ ""“Îä
Temons Noms etaurosse s4 s'agt ce passagers d'un véhicule WFN d p À A pl p utl à 3468
fréciser duquet Acu 8 .. R RE » À V Lads

_""—'v-—q—‘_———.——.""____—._——n——_———-——r—-—' Ln

CONSTAT AMIABLE D'ACCIDENT AUTOMOBILE 8_)
A signer obligatoirement par les deux conductours

Mettre une csolx (x} dans,yant Jéls (X) SUs Valao)
ehacune dos cases utiles Laèat AN

Vétuicule ?yb&Wÿ( Utæ
Marque, Typu 'bc- Rlinche

N° d'immate. OQH3“)).-5A‘.ÀÇ:
Venant du TE &ES À “
Alont vers,, TC déssA

A Hourtai à l'amore earoutant à 5rt JS5 5007 É0 41 N
dañs e même vons e su à RPSC IRVI MPE e .

même e
_]

— rs averse A S 5 v 6 L

Assuré {viie atteest d'assutince) "" ::::«Mîo ensmsssse diferante =.*..._æ)f — :: [_
As enotdune n ”

Mom MÉÊA P/C MoRise QUE , L

Prenom | AloeAiE -Ls SoufCER =
Adresse LES SOR CÉS-ALGE

Stà d'assurances C ﬂ“k .
N°poice 203/A4ÿ0032002
Altest valable du Ay} 95 [2> Div AYeS 125
Agence . ALGsR. - …

Conducteur (voi porms de conduio)
Nom :.. GENDRER.
Prénore :... MAWB DI
Adresse . £1T3 A$e lua,
Permis de condurre N'Al‘.
Détvré lo:, 2o hoAl Lorst
Par ta wilaya de: TEÀCSS
Calégorie A1 A® CDEF

fentourer ln catégorie)

\ ,A<. } _F 13)Doposserman se ‘ 2.æ\

- 161 Changeat de ke

> ; :=.—l|l.:.._;,
( su pas t )

— poredpcez m 08 1C)
Indiquer parune 4 E e sa u y '
de choc imtial

2

20} Roulail en sens aterdk
21} Inobservatien d'un spnat de

Indiques le nombre de cases
4— marquées d'une croix q — (X} itis d ns 53 -

No AOfise 310e dc 2
séparation des txemplaur!
"
constat4.png,constat_amiable,"CONSTAT AMIABLE D’ACCID

Asigner obligatoirement par les DEUX

CRN VÉHICULE A URNENES

1. Preneur d'assurance/assuré broirafestation s'essurance)

Nom: Ben Ahmed

Prénom : Kar/m

Adresse 42 Rue des Jasmirs
4002 Tünis

Pays: Tunisie

TéLouémai: 38 423 456

6. Véhicute
Marque, type : Peujcof' 208
N° d'immatriculation: 423 u$ 4567

Pays d'immatriculation : Tunisre

7, Compagnie d'assurance (voir attestation d'asserance)
Dénomination: ASTREE Assurances
N'decontat: 2024 /AX /42345
N'decarteverte: TN /24/56789
Aftestation d'assurance ou çarte verte

vatable du: - 04/04 /2024

au: 34/42 /2024

8. Conducteur Cvorr permais de conduire)

Nom: Ben Ahmed

Prénom: Karim

Date de naissance : 45 /06 /4330

Adresse: 42 Rue des Jasmirs
4002 Tanis

Pays:  Tunisie

Téloue-mail: 38 423 456

Permis de conduire N°: 42345678

Défivré par:  Tunis

Catégorie (A,B...): B

Valable jusqu'au: 45 /06 /2030

14. Mes observations :
Le véhicule B

a c/:anjc, de file
sans C/I:7HD{‘4H* et

m'a fcrcufe’.

13. Croquis de l'accident au moment du choc
Indiquer : 1. le tracé des voies

ENT AUTOMOBILE

conducteurs

1. Date de laccident Heure 2 Localisation
Ü;/OÇ/‘ZÛ'Z4 44h30 Avenue Habrb EourufËa, Tunis

fon DJ

12. CIRCONSTANCES
Meîrre une croix (X} dans chacune des easesuttes
pour préciser le croquis
1 D enstatonnement/arance
[= auittait un stationnament / œuvrait uno portière
3 D pronaitun stationnement
o sortait d'un stationnement, d'un lieu privé,
d'un çhemin de terre

o ‘s'engageait dans un parling. un Rou privé,
un chemin de lerre

s & s'engageait sur une placé à sens giratoire

O ""reutait Sur une place à sens giratoire

Æ heurtat à l'aribeo, en rovant dans le même sons
etsur une mmôme file

(| …mh………w…hm

10 ( ctangeat de fila
11 & doublait

12 D viraitädrote

13 D viraîtà gauche

O recutait

D empiétat surta voio réservée à La cireulation
en sens inverse

CJ venait de droite (dans vn earofour)

DJ r‘avait pas observé tn signal de priorité où
vn feu rouge

Indiquer le nombre de cases cochées

[=]

2 la direction des véticules À etB
3. leur position au moment du choc
4. les signaux routiers

5, les noms des rues

Av. Habib Bouryu:‘6«.

15. Signature des conducteurs

4 Blessé(s) même légertsk 4. Dégôts matériels

ñ autres véfécules mn ou ll
ut CT ps utres que véficutes non DR oui

| VÉHICULE B

5. Preneur d'assurance/assuré bvoir attestation d'assuranoe)

Nom: Trabelss
Prénomi Youssef

Adresse: 45 Rue de la Liberté
4004 Tunis

Pays: Tunisie
TéLouemaï: 97 654 324

6. Véhicule ;

Marque. type: Renault Clio |
N° d'immatriculation : 987 us 6543

Pays d'immatriculation: Tünrs/e >

7. Compagnie d'assurance (voi atrestation d'assurancey |
Dénomination : Mayl)rz bia Assurances ‘
N°decontat: 2024/MA /98765 |
N'decartevene: TN /24/44223 !
Attestation d'assurance ou carte verte
vasbles: - 46 /02 /2024

au: 44 /02//2025

B. Conducteur (vor pormis de conduie)
Nom: 7ra belsi
Prénom: Youssef

Date de naissance : 2.2 /44 74388
Adresse: 45 Rue de la Libert£
doo4 Tunis

Pays: Tunisie
TéLouermail: G7 654 324
Permis de conduire N°: 87654324

Défivrépar:  Tünis
Catégorie (A,B,.): B
Vatable jusqu'au : 22 /44 /7028

14. Mes observations :

Le véhicule À roulait

A B
fruf vite et n'a pas
% —ä%/ rcspecl‘c’ la ,orforf‘fe’

au q fratoire.

"
constat5.png,constat_amiable,"06/05/2024

$- dégâts m
Qu'aux vh
mon

atériels autres
Cules À 0 B

x ouriX
VEHICULE A
S- Sociète d'Aatumncn
Vénicule assuré par
Polce d'Assurance N°

A/245678
fgence Tums Cent,

re

Attestation vatable

ds 01/04/2024
7.

»Identité du Conducteur
Nom __ Ben Ahmed
Prénom

12345678
Peivréle - 15/06/2018
B. Assuré (voir attest_d'assue.)
Nom_ — Ben Ahmed
Prénom — Karim _ —""
Adresse : 12 Rue des Jasmin
— 1002 Tums . __
Teé — 38 123 456
S- _Identité du Véhicule

Permis de conduire N°

s_

Marque, Type P:u5:ot 208

N° d'immatnculaton _ 123 u$ 4567
Sens sum | Nord > Sud
Venantde  Rue de la Liberté
Alantä Avenue_Habib Bourgusba.

AMI Assuronces

sv 34/12/2024

Un cslove

en du ‘eglement

12. Elrconstances

Mettre une croix (X) dans
Checune des cases vtiles
Pour préciser l croquie

LI e stavonnement

LI auetatt un stalonnement

CJ prenaie un statonnement

Ü…dmmx__mhm, -

‘d'urs cherrin de tarre

s u]r—…—.……—-—u…
‘ un chermi de rr

*‘#gsgeaR aur une place à sens grators

CJ raitt surune pl à se aratore

8 PR pevursramére. eorouirt rs =
© è sars ù sur ue mérme Bl
‘
* L …mbnün—un—u _
O —n ll fféronte. [}
10 crançont de ue =
# O cou

12 D wranicrore
18 (D vrañ à uuche

% (D reoux -
+ 15 (C) empétorsurie parte de chausée
réservée à le Grouletion en sens
tvorss

16 1} vacaie ce éroite (dares un carrefour)

17 [D) mayantpes observé le sn
e priorié

Indiquer le nombre de cases cochées

——
13 croquis de l'accident

de 01/02/2024 au 31/04/2025
» Identité du Conducteur
I{dontité du Conducteur

Nom — Frabels,

1004 Tuns
Permis de condure N° 87654321
Déiréte  22/14/2016

Nom Trabels.
Prénom Youssef
Adresse . 45 Rue de la Liberté
1004 Tums
Te … 37 654 321
2. Identité du Véhicule

Marque, Type Renault Cko

N° d'mnmatnoulation 987 gùy 6543
Senssum = Ouest — Est

A Vonemtoe Avenue Habib Bourquiba |

Alantà Rue de la Paix

10. Indiquer par une fleche
; te point de choc initiai

11. dégâts apparents

Pare-choc avant

3nl/c', ,:lyarz casse

û T=

7 €&)8

D7

14. observations
Le véhicule Ba changé de voie

sans clhgnotant.

A

10. Indiquer par une fieche
le point de choc iitial

MEl

15. signature des conducteurs

Îl. :Ë;t;aeæœn{s
Porte arrière droite
enfoncée
14. observations
Je roulais normal£.m&nÊ,
# , t , ( , 5
véhicule À m'a percute à l'arrière.

"
constat6.jpg,constat_amiable,"*

— —emmmanne = —— ——l

se cu-vtne pat 00 <Sameranenes d PORSEMNIENS Cnc0 C0 se
<ae —octtme « ave Lase …""'“…""‘…

V és m 'amet mn T3 —-
ÎD[OÏ/2QÆ« _10h00|_Avenue Hédi Nourra , Arisma __

da0: Ue""wtte âe 0

— —s
VEWICULE À
&ove Seciété SAMA, (8sur)
mc te FR/SS6789
rme Enrosr .
petetam
—aome € < ue SRS °
"" = Mesn °
roux Mohamed °
aoume 14 Rue de l'Indépendance ..

2037 Arione »1 ——
mouw 7766554 *F
cu 20/03/2010 ——
U rerme e 704 Cene) » ""'emou
— ; Ford .-

n Ford Focus : ::'_
20/03/2024 e osou e
L —.

De Votse s10 * . —no—ameomen

tome 0 34S up 2024 = ax=—cee

æ r=emSyd —» Nord

mout Rue de l'Arians Sogae m

v…sm  Averue Hédi Nouita m

saut à 43 ruquele 60 rpocséest

p f-Prres , \ p f ee
‘ A ñ ""—_î‘— / » È F(—- '\
q ,

ms c€ e

-ZN

À constat amiable d'accident automobile

._—_—-—-.——-u.———

& Gégéte danfets toe l…—-———.u en"" 0 e* r—,.—--u.l

1053 Les Berges du Lac ‘ \
mm 39886 '
væew 1S/09/201$

Lévoetre ron (s
uus Volkswogen Polo
—s | Votkswogen Pelo

w ewêyt de l'Arians Sogae
t e
e Avenue H6d Kouira

Pare<hoc avent

;Ï:ü:ﬁ ‘ droit éraflé
u puermes « ccn
Je me cuis orrêté au feu rouge. Jenai pa: vu le véhicule c'arrêter à

—

|

"
constat7.png,constat_amiable,"— vage

Ne °°""““""—'° Pas une recÈ…2»nStat aml&hle d’a

des identité.
s5 et d i @. ili
es faits. servant à ra:äË:ï::& Jrais un rolové
H u réglement

ccident automobile

à signer oblis
‘aner obligatoirement par les DEUX sonductours

1, date de l'accident heure

12/06/2024 09h45
4. dégâts materi
, atériels autres
Qu'aux véhicules A et 6 B, témoins noms, adresses ot toi Æ souigonr s°
Ÿ s°3 s'agit d'un passagor

Khaled Gharki , 22 345 678

_.VEHICULEA }

& Société d'Assurances |

Véhieule assuré par _ AMI Assurances,
Police d'Assurance N° _ A/1254789
Agence _ Tunis_ Centre __

Attestation walable

‘2. lieu
Route de La Marsa, Tunis

3 blessés même régers)

| TrontX]

de AouB)

12 circonstances
Mettre une croix (X) dons
chacune des cases utilos
pour préciser le croquis

&Société_d'Assurances
' Vénicule assuié par STAR Assurances
u Police d'Assurance N° | B/998877

ES Agonce  Laé à

mud Atiestaïion vatable

4 C] en stétonnement
# [ avittait un stationnement
8 (M rprenait uri statonsomens

à {} serian d'un pertung, d'un Nou privé,
'un-chemin do terro

8 (3 vangageait dansun pañting, unitiou
Iprhrd, n-tocnin d t

& (D arêt de circulation
7 [) Hrotement sans changement de fle
8 [X tieurtait à l'arière, en coutsat dons

du _10/03/2024 _au 09/03/2025_
7._Identité du Conducteur

Nom __ Ben_ Farhat.

Prénom _ Yassine.

= Mom | Trabelsi

—— E4 Prénom = Mohamed __
Adresse & Rue de Damas __

e e même sons où sur un mêcne e Adresse 45 Av, Hédi Nouira _ —
- 1002_Tunis sD e [) 4001 Tans _—"" ——
Permis de conduite N° . 98765432 10 {) érangoan do fle i Pormis de condure N* 87654324 _— -
4 3 douviait EU porvréra | 20/05/2016 A

! Detivré te 12/04/2018

| 8 Assuré £air attest. d'assur.)
Nom Ben fa—r‘l1at __

; Prénom . Yassine.

! Adresse : & Rue de Dames 1002 Tunis

| _ ore 98 265 432 _

X 8. Assuré (voir attost. d'assuc)
! Nom Trabelsi

| l Prrom  Mohomed —.
FF] rurose . 45 Av. Hédi Nouira 4004 Tanis
i T 97 Ê5‘! 324

FF 9. identité du Véhicute

==d Marque. Type Renault Clio &

|À ° œrimmatsiculation 987 ys 6543

12 [7 virat à étoito
13 G wioitä qauehe
14 [ veculait

15 [Q emptérait qurta partie 60 chausoss
résorvée b ls cwculstion on sons
inverse

18 (D véñait de droite (dans un carrefouf)

47 (O Havoi pas abservé F signal
e priorité

. 9. Identité du Véhicule
indiquer le nombre de cases cochées

Marque, Type — H_gundm' it0 -
123 gligi 456F —

Ne d'immatriculation — _ - sens sona | Nor d —> Sud
m Nord — Sud _— - - H"" e EL W

Sens su . 13 croquis de l'accident venamdo  Cité El Wafa

Venant de — Cité EL Wafa - — — anma - La Marsa -

Allant à La Marse —— 40. Indiquer par une fèche

t point de choc initial

40, Indiquer par uné ﬂççhe
le point de choë initial

50

I 41, dégâts apparents
Aile avant 3““""“

;
î enfon“’£; rayc$

44 dégèts apparents
Porte evant droite

gnfuncëe

14, observations
Je changeais de voie ;

véhicule A était trop Proche.

14, observations
normalement ;

aulac‘$
“Te r rauf&.

, ;l
véhicule B m'a coupé ‘* % ;
A ; 15. signature des conducteurs â

L s1 d el 0XA (
! ; P 1yde: p 0ME
<N sLM e SS S ? er
€ q ajtte06) épuetsi Rl 55 Jors est assuré à Vétrang
T. 11l (U‘ï'”] su 'l;Üa;u@{a:îæﬂe verte au cârte orange) $ le e
e mationale
de r'attestation inte

t se
"
Dec2.png,declaration_sinistre,"PMi DÉCLARATION DE SINISTRE N° 0352419

Assurances i
Q lis ù (A adresser dans les 5 jours)

""1 INFORMATIONS SUR L'ASSURÉ

Nom et Prénom : Ahmed _Ben Salah Assureur : AMI Assurances
Adresse : 45, Rue de la Liberté Agence : Tünis Centre
1002 _Tunis
Tél.: _98_1423 456 Date d'effet du contrat : 45/03/2023
Email : __ ahmed.bensalah @email.tn

00123456

N° Contrat :

2.iNFORMATIONS SUR LE SINISTRE

Date du sinistre : 42 7 05 7 2024 Heure: __ 44: 30 Ya-t-ildesblessés? [DOui f Non Si oui, nombre :
Lieu du sinistre : Âvenue Habib_Bourquiba
; Y a-t-il un constatamiable ? | X[ Oui [ Non
Si oui, le joindre à la présente déclaration.
Nature du sinistre ; Accidenf de la circulation
Les autorités ont-elles été avisées ? Oou [K Non

Circonstances détaillées :

Si oui, lesquelles ;

Choc avee un autre véhicule & un carrefour.

Dégâts matériels :‘mporfanfs -

“3ATIERS IMPLIQUÉ (SI APPLICABLE) @

Nom et Prénom: __ Karim_Gharbi Véhicule : Peu.geot 308

; 20, Rue des Jasmi
Adresse : “ 20‘î4 uîa e/:1a_r:îm…s Nature des dommages : Pare—chocs avant H fJAo.re 3o.uche
Tél. : 95 654 321 Montant estimé : 2 800 DT
Assureur ; STAR Assurances
N° Contrat : 78945642 Pièces jointes : [X Constat amiable [ Photos | [I Autres

N° Immatriculation : 423 MEN 4567

A
Fait à : Tunis Le: __ 42 / 05 } 2024 Signature de l'assuré ; ÆL

iété Anonyme au capital de 56 000 000 DT - R.C : 6123456199 = MF : 1234567/A/M/000
6, Avenue de Paris - 1001 Tunis - Tét. « 71 28 28 28 = Fax : 71 28 28 29

AMI Assurances -
Siège Soci

"
dec.png,declaration_sinistre,"VSV EN DÉCLARATION DE SINISTRE

Assurances

L1YINFORMATIONS SUR L'ASSURE B

NometPrénom:  Ahmed Ben Salah
Adresso ; 1{5, Rue de la Liberté

. 1002 Tunis
T6 . 98 123 456
Emoë : aAhmed.bensalah@email.tn
N"" Convat : O0123% 56
Datedusinsue: | 12 / OS / 2024 Howe: | 14:30
Leu : Avenue Habib Bour3w°ba
Tunis

Noture dusinistre: | Accident de la circulation
Circonstances Gétolliées :
Choc avec un autre véhicule à un carrefour.

ÎD£3âf$ matériels importants.

GINTIERS IMPLIQUE (ST'APPLICABLE)D

NometPrénom: | Karim Gharbi

Tél 95 654 321

Assurance STAR ASSuranc:&$
N'Convot: _ 78945612 __

Fora: Tunis Le : 12 / OS / 2024 Sàoﬂolute;ﬁf)”£‘/
"
dec3.png,declaration_sinistre,"VSV EN DÉCLARATION DE SINISTRE

Assurances

L1YINFORMATIONS SUR L'ASSURE B

NometPrénom:  Ahmed Ben Salah
Adresso ; 1{5, Rue de la Liberté

. 1002 Tunis
T6 . 98 123 456
Emoë : aAhmed.bensalah@email.tn
N"" Convat : O0123% 56
Datedusinsue: | 12 / OS / 2024 Howe: | 14:30
Leu : Avenue Habib Bour3w°ba
Tunis

Noture dusinistre: | Accident de la circulation
Circonstances Gétolliées :
Choc avec un autre véhicule à un carrefour.

ÎD£3âf$ matériels importants.

GINTIERS IMPLIQUE (ST'APPLICABLE)D

NometPrénom: | Karim Gharbi

Tél 95 654 321

Assurance STAR ASSuranc:&$
N'Convot: _ 78945612 __

Fora: Tunis Le : 12 / OS / 2024 Sàoﬂolute;ﬁf)”£‘/
"
dec4.jpg,declaration_sinistre,"| DÉCLARATION DE SINISTRE
COMPAGNIE D'ASSURANCE NORD-EST
Date\de la déclaration : 14/03/2025 Numéro de police : 4471-8829-03

L INFORMATIONS DU CLIENT
Nom: MÂRTIN
Prénôm : Sophie
27 vue des Lilas, 75011 Paris

Adresse :
G 42 18_93 77

Téléphone : Q
Email : soehie.marﬂ'n@emæl. £Y

1. DÉTAILS DU SINISTRE

42/03/2025 à 14h30

Lieu: Garage souterrain, 27 rue des Lilas

Type de sinistre : Vol d'ab[c{ eer$0nn&’
Description: Sac à main én quir _noir contenant Qorfe£euil/e
téléphone gorfa.ble iPhone 14 _et_clés volé eendümﬁ stotionnement.

I. DOMMAGES ESTIMÉS
Montant estimé : 4 850 €

Date du sinistre :

N

IV. PIÈCES JOINTES
(A Procès-verbal de dépôt de plainte n° 2025-031 4-0892

H Factures d’achat des objets volés

( Photos du lieu du sinistre
V. $lGNATURE \

| 50ehie MarÔh

E

A “
p

f

Fait à Paris, le 14 mars 2025
"
dec5.jpg,declaration_sinistre,"DÈCLARATlON

COMPMÏ\N\È p' A5$0RANCÈ RORO-EST

jectarauon : 14 mars 2025
SURLE CLIENT

/,/\ Nom pRTiN

4 préném :_Sophie

//À Adresse : 23 ve_des Lilas_250H Paris ——

S, Téléphone : 112 18.93 33

/i—-ä Téiéphone : (25 mha:lO

/ , t “.DETÀ\LSDU SINISTRE

\\ Date et heure © J2 __ mars 2025_à 44h30

q Lieu .__Ggara souterrain , 2% © M

ï ÿol d g4y Pemgg gkg mnn$/
HacPook Pro MÀ À elé dolé
44h000

Type de sinistre *.
Description : r+able ?
en tait vecrovillée Ÿ

La cpÎ(fe-âinæ araqe
une  trace d' e? raction es yisible SVF le loz}æk
mais

P
Date de la d

,
7F p A Montant estim
; F P
/, / M PÈCE
( J Prœès-vemal d dépôt de plainte tr° « 2025/03/12-4471)
e {À Facture d'achat ortginale
— f/"" Ç Photos des d ègàïs (a cichés)
; M SIGNATURÉ 01 DECLARA…/

_ sA ; ;
G le14nw:2025

Fan à Parié:
"
dec6.jpg,declaration_sinistre,"DÉCLARATION DE SINISTRE

COMPAGNIE D'ASSURANCE NORD-EST N° POLICE . NE-2024-088317
12 RUE DES TILLEULS - 75011 PARIS
TÉL 01 445566 77

1. RENSEIGNEMENTS SUR LE SINISTRE
Date du sinistre : 14/03/2024
Heure approximative : 19h45

Lieu du sinistre : 23 AVENUE DU PARC, 35016 PARIS

Type de sinistre : Incendie — déaâts des eaux consécutifs
L T F

I1. DESCRIPTION DES DOMMAGES

Incendie déclaré dans la cuisine vers 19h45, propagetion limitée au placard dane
remarent et et an des trainr att plavie Îne prari didi deüt flatieig ex stratifié.
Intervention des pompiers à 20M2.k Eaaju utiisr — pourl'extinotirn
andommagé le nparquet r cârt évike f d ne rr djcent (cloison

plâtre), Aucun blessé.

I11. ESTIMATION PRÉLIMINAIRE DES DOMMAGES
Placard cuisine : 450 €

Plan de travail : 320 €

Parquet (3 m°) : 280 €

Cloison plâtre : 180 €

TOTAL : 1 230 €

IV. TÉMOINS / INTERVENANTS

| Pompiers Paris 16 — intervention_n° 2024-0314-088
Ï M. Laurent Dubois, voisin n°25 — témom oculaire

V. PIÈCES JOINTES
— Photographies des déaâts (6 clich L ‘
— Déclaration des pompiers
— _Devis

Fait à Paris, le 15 mars 2024
Signature du déclarant :

Sophie_Marchand

, | -
q S
"
dec7.jpg,declaration_sinistre,""" DÉCLARATION DE SINISTRE |
T COMPAGNIE D'ASSURANCE NORD-EST _

Numéro de police :îL! 471-8829-03
Date du sinistre : Â4 mars 2025

ASSURÉ

Nom — : MOREAU Jean-Lue

Prénom :CÏean—Luc

Adresse : 27 tue des Lilas 75041 faris
Teléphone: 06 42 48 93 77

DESCRIPTION DU SINISTRE

“

Inondation dans le Sous-sol svite & une rup+we de
+uUau+erie. Eau stagnante sur environ 45 m* pendan+ G
heures avant în+ervenäîon ®éÔ(ﬂ$ constatés sur le ,oarc}ue_+
et les plinthes en bois.
DOMMAGES ESTIMÉS : 2 450 €

PIÈCES JOINTES : photos, Jevis artisan, facture pompe À eau

{;cî + ; hociih porve L..202 0111006

SIGNATURE ET DATE

Fait à Paris, le 46 mass 2025

- ——

— ==
"
devis.png,devis,"P es
€, $ ; DEVIS
“ MAISON & DÉCO

; N° DV-2024-112
Arnénsgemon] & Rénovotion

Date : 18/0S/2024

Cuent : Ahmed Ben Solah

Adesso: 45S, Rue de la Liberté
1002 Tunis

T& : 98 123 456

DÉSIGNATION MONTANT HT

Peinture intérieure - Blanc

Corrclage soi - 60«60
Moin d'œuvre

ZE
TVA (19%) 4S6,000

Total TTC 2 856,000

Devis valable 30 jours

MAISON & DÉCO

Aménagement & Rénovation

A

"
devis2.png,devis,"p —— &

114 HN ""

… A&R DEVIS N° 2023-10-058 ‘
‘ | PATRENT SOLUTIONS Le 24 Octobre 2023
! 75015 Paris

|
T61 - 01 45 32 10 99 {
SIRET : 450 799 123 00015

J CLIENT ; CLIENT : M. Jean Dubois !
12 Rue des Fleurs i
92100 Boulogne-Billancourt

TOTALHT. | &

€7,425.00
T.V.A.(20%) | €1,485.00
TOTAL T.T.C,

€8,910.00 UE

"
devis3.png,devis,"RE

ÂaR

BÂTIMENT SOLUTIONS
7 Ruo de }8 Gare
73015 Paris
Tél - 01 45 32 10 90
SIRET : 450 799 123 00015

CLIENT :

DEVIS N° 2023-10-058
Le 24 Octobre 2023

CLIENT : M. Jean Dubois
12 Rue des Fleurs
92100 Bouiogne-Billancourt

[ [6 [Prcinisre] — T0
W DT DT} 5.000.00 DT [18,700.00 DT

DTDT 18,700.00 DT 18,700.00 DT
TOTAL H T 18,700.00 DT

T.V.A. (20%) |18,700.00'DT
TOTAL T.T.C, |18,700.00 DT

"
devis4.png,devis,"> _"" L e S

;
% Dusols DEVIS N° 2024/DT/076

SFAX
I. Poudtière N 3002 SPvs, Tunale- Tel. 4216 74 245 769 - ax: 216 24 245 796 - Emai, contactartisandubois In- ME: 1234S67IV/M/000

CLIENT : M. Hédi Ben Ammar - 15 Avenue Habib Bourquiba, 1001 Tunis

Réf. Désignation -y==> | Qté | Prix Unitaire | Total >
M-CH-05 ‘ Fabricätion Table Basse en Chéne Massif . | 171 1850:000TN0} 1 850.000 TN0
(120x60) 1 850.000 TNO | 1 850.000 TND
M-CH-08 | Fabrication 4 Chaises Style Scandinave Chêne 4 480.000 TNO | 1 920.000 TND
FIN-02 | Finition Vernis Mat & Livraison 1 350.000 TNO | 350.000 TND

TOTALHT-| 420.000 TND
_>T-V.A (19%) | 782.800 TND
—— ToraLT.T.C:| 4902800 TND]

Signature du Client

Sfas, le 14/05/2024 - Pour Artisan du Bois Sfax, H. Mansouri

"
devis5.jpg,devis,"JARDINS DE TUNISIE
— Arméregerment Poysiger —

45 Averue Hed Chaker, Turss 1002
Té : 216 71 234 567
MF : 1234567 A/8/C/000

CLIENT : M. Ahmed Ben AS
7 Rue de la Lberté, La Marsa 2070

DEVIS N° 2024-01-091
Date : 25 Janvier 2024

Rèf. |Désignation
TRO! Taite e Élagage d'arbres

“ 4 | 150000TND 600000 TND

| TVA (19%):
TOTAL T.T.C. : !2201.500 TND

Oreaté AI |
"
devis6.png,devis,"”
V - = — ___A

4',\ü_ N
! n ( MAI DEVIS
L\ SON & DÉCO \

Aménagement & Rénovation N° DV.2024-27$
‘ Date : 20/05/2024

Chont - Karim Ben Youssef
Adresse: — 12, Avenue Habd Bourguiba
1001 Tunis
‘ Tét : 98 765 432

Pesnture intéroure - Blanc cassé
Carrelage soi - 60x60
Pose de plaques de ptôtre (murs)
Électricité (prise, Interrupteurs)

Main d'œuvre

l 4 375,000 TND !
TOTAL EN LETTRES : RË‘°_""_T,_——l - T
Trois mille sux cent quarante-six dinars tunisions TVA (19%)
| Totat TTC 5 206,250 TND

Conditions de paiement :
30% à la commande
70% à La réception des travaux SOn séco
Aménagement & Rénovaton
Validité du devis : 30 jours ///
—— —— — 0 LU
u à rsondeco marsondeco U
n Qw
uM-\OŒTU‘ %, 98 123 456 & conactme
Q 45 Rue de
'_____.4
—"" "" -

= L Oreate AI
"
facture 2.png,facture,"! < ÉLEC PLUS FACTURE |

MATÉRIEL ÉLECÎRIQUE N°: FAC-2024-0421

f Date : 15/05/2024
ÉLEC PLUS SARL Échéance : 14/06/2024
Zone Industrielle Charguia 1

- 2035 Ariana - Tunisie Client :

Tél : 70 123 456 Société Tunisienne de Bâtiment

Emait : contact@elecplus.tn Rue de la Liberté

MF: 1234567A/M/000

RC: B1234567892016

1002 Tunis - Tunisie
z Site web : www.elecplus.tn

MF : 9876543B/M/000
RC : B987654321201 2

600,000

Disjoncteur différentiel 40A 30mA u 85,000 M 850,000
Prise de courant 16A

interrupteur simple allumage

Boîte d'encastrement

Goulotte PVC 40x60 (2m)

Arrêtée la présente facture à la somme de :

MILLE NEUF CENT QUATRE-VINGT-SEPT DINARS
S ETCENT QUATRE—VINGT—MILLE

Sous-total (HT)

(s — mms
Conditions de paiement :
Règlement par virement bancaire

Cachet et signature :
ou par chèque à l'ordre de ÉLEC PLUS SARL,

!

ÉLEC PLUS SARL
Zone Industrietle Charguia 1
2035 Ariana - Tunisie
MF: 1234567A/M/000
Tél : 70 123 456

1 Coordonnées bancaires :
Banque de Tunisie
IBAN : TN59 0001 2345

8789 1234 5678
SWIFT : BTKNTNTT

Merci pour votre confiance !

""\\\A
"
facture.png,facture,"MEGA TRONIC |

Sociéte de Commarce
FACTURE
Rue de industito - 2035 Charguis 1
TunMio « Turicde .
MAF : 1254SS1/A%4000 N° : FT-2026-0568
Toi: 71 940 123 Daze : 2010S/2024

Client. | Ahmed Ben Saloh
Adresse : 45, Rue de la Liberté

1002 Tunis
MF: ; 1234567/B/AV000

1250,00
70,00

Smartphone Samsung AS4

Chargeur rapide 2SV/

Écouteurs Bluetooth

Artétéo 1 présente facture à là somme de :
HAulle sept cent velze dinars et soixante millimes.
"
facture3.png,facture,"N FACTURE ‘\‘
{L'} BATIPRO |

MATÉRIAUX & OUTILLAGE Date : 22/05/2024 E

Échéance : 05/06/2024 Ls
BATI PRO SARL qs -
15 Rue des Artisans Client : \\ 7
1002 Tunis - Tunisie Ls En ; |
Tél : 71 234 567 Société Générale de Construction Æ

45 Avenue Habib Bourguiba -
3000 Sfax - Tunisie
MF : 9876543B/M/000
RC : B98765432015

Email : contact@batipro.tn
MF : 1234567A//M/000
RC : B1234562018

Site web : www.batipro.tn

Prix Unitaire

(HT) (HT)
Ciment Portland 50kg 100 1 400,000

Fer à béton 12mm 200 6,5600 19% 1300,000

Parpaing creux 20x20x40 550,000

Sable de construction (m°) 40,000 400,000

Gravier (m°) 38,000 304,000

Peinture extérieure 20L 375,000

Arrêtée la présente facture à la somme de : Sous-total (HT) 4 329,000
- ‘J QUATRE MILLE CINQ CENT SOIXANTE-SEIZE DINARS
Rl TUNISIENS ET SOIXANTE MILLE

71 Total TTC 5 152,110

823,110

Conditions de païement :
Règlement par virement bancaire ou chèque

j à l'ordre de BATI PRO SARL. Cachet et signature : |

BATI PRO SARL
15 Rue des Artisans
1002 Turus - Tunisie

MF : 1234567A/M/000

Tél : 71 234 567

Coordonnées bancaires :

; Banque de Tunisie
} IBAN : TN59 0001 2345 6789 1234 5678
‘ SWIFT : BTKNTNTT

! Merci pour votre confiance ! |

"
facture4.png,facture,"FACTURE
' | MEÊ;Ô…Œ? # p N° FAC-2024-0315
mT Date : 28/04/2024

Échéance : 28/05/2024

+
MEGA FOURNITURES SARL
Rue du Lac Leman Client :
1053 Les Berges du tac Alpha Services

Rue Lac Victoria
Immeubte Horizon, 2ème étage

Email contact@megafournitures tn 1002 Tunus - Tuniste
MF 1425367A/M/000 MF : 1234567B/M/000

l RC B17234562018 RC : B987654321014

Site webV_www megafournitures.tn

Tunis - Turusie
Tel 71862455

; Prièx WUjpitaire
Désignation l Quantité ! (HF) (%)

Stylo bille bleu (Boîte de 50) “ 15,000 150,000
! Classeur à levier A4 30 6,800 204,000
15

Pochettes plastiques (Lot de 100) 8,000 19% 160,000

Sous-total (HT) 2021,500
TVA 19% 383,545
Total TTC 2 405,045

Cachet et signature :

Toner HP 85A
JS rn

Clé USB 32GB

Arrêtée la présente facture à la somme de :
DEUX MILLE QUATRE CENT CINQUANTE ET UN
DINARS TUNISIENS

Conditions de paiement :
Reglement par virement bancaire
à l'ordre de MEGA FOURNITURES SARL.

MEGA FOURNITURES SARL
Rue du Lac Léman
1053 Les Berges du Lac

Tunis - Tunisie
Tél 71862455
MF 1425367A/M/000,
És

| Coordonnées bancaires :

! Banque de Tunisie
iBAN - TN59 0001 2345 6789 1234 5678
SWIFT : BTKNTNTT

Merci pour votre confiance !

"
facture5.png,facture,"MAISON VERTE SARL
Rue lbn Khaldoun, N°25
1002 Turus - Tunisie
Te! 71808600

MF 1425367A/M/000
RC 817234562019

Liquide vaissette ecologique S

Nettoyas

nt multi-Surfaces 750my

Lesswve ecologique 5kg

Reglement Par virement bancaie
â l'ordre de MAISON VERTE SARL

Coordonnées bancaires :
Banque de Tunisie
IBAN TN59 0001 234

5 6789 1234 5678
SWiFr BTKNTNTT

Q7) MAISON VERTE

PROMITS S VACRETGUE N Oc UE à

Emad contact@maisonverte tn

Site web _ www maisonverte tn

30 |

Prix Unitaire Î

FACTURE

N° FAC-2024-

0598

Date 03/05/2024
Echéance 02/06/2024

Chient :

Hôtel Les Oliviers

Rue de ta Plage, Sidi Mahrez
4000 Nabeut - Tunisie

MF ‘ 98765438/M/000
RC ‘ B987654321098

(HF)

{ 40 7,200 : 19% 288.000
25

Mercs pour votre confiance »

Cachet et Signature

MAISON VERTE SARL
Rue lbn Kh.yldoun, N°25

1002 Tunus - Tunisie
MF \425367A/M/000
Tét 71808 600

22.000 “ , 19% f 550.000
- ! - A =-
Dessntectant eucatyptus 11 ; 20 29.800 “ 19% 196,000
! ——b —
Sacs poubette Brodegradables iLot de S0) ! 15 6,500 19% 27.500
_ H - ; _ H e
Éponge vegetale (tot de 10) 30 3.000 . 19% 20.000
— —- _ l —.

Arrêtée la présente facture à la somme de ! Sous-totat (HT) 1 776,500
DEUX MILLE CINQUANTE—QUATRE DINARS mT |
ET SEPT CENTS MILLE TVA 19% 278.215 |

{ Total TTC 2054,715
Conditions de patement :

P
"
facture6.png,facture,"3k FROID TECH FACTURE

CLIMATISATION & FROID INDUSTRIEL N° FAC-2024-0672

Date : 10/06/2024
Échéance : 10/07/2024
FROID TECH SARL
Zone Industrielle Mghira 3
2082 Ariana - Tunisie
Tél : 70 145 998
Email : contact@froidtech.tn
MF : 1234567AM/000
RC :B17234562017
Site web : www.froidtech.tn

Client :

Société Alimentaire E! Wafa
Rue de la Manouba

2010 La Manouba - Tunisie
MF : 9876543BM/000

RC : B987654321098

Désignation Prix Utuitaire

(HT)

TVA
{%)

Quantité

Groupe froid 5 CV

9900,000

[6s 71
éc temeetes }T3 T e
Fluide frigorigène R404A (kg) u“
Main d'œuvre et installation m
— }} e

19% 150,000

24 833,300

Condenseur à air

Arrêtée la présente facture à la somme de:

VINGT-TROIS MILLE QUATRE CENT SOIXANTE-DIX
DINARS TUNISIENS

Conditions de paiement :
Règlement par virement bancaire

Cachet et signature :
à l'ordre de FROID TECH SARL.

FROID TECH SARL
Zone Industrielle Mghira 3
2082 Ariana - Tunisie
MF : 1234567AM/000
Tél : 70 145 998

Coordonnées bancaires :
Banque de l'Habitat - Agence Ariana

IBAN : TN59 0020 1234 5678 9012 3456
SWIFT : BHABTNTT

Merci pour votre confiance !
"
permis1.png,permis_conduire,"- PE e - - e - -
—- _ - _— Ls DE - - —

D'Rasauees TL Prrèse baistormee ‘ purs nunsre Éu porpt eiruaget où de deuvet enillanires LA * \Auq0n l'opdsiiun
34 Neustre de üs d Tires 14 NVumeer “retatl à ta gratiee des Larprisnés du parvaie de contaire. 90

T -— > -.f‘.'_ c- -,‘ - - _.-’ bacté - "" - ;—’” æ '.. - L T (_-__: f_ ._'—
: _ — 2 - —2 …. . "",\ P
__ “ — .
- ; REPUBLIQUE TUNISIENNE 7 T4 _’—-“ *""JJ""‘!'“""'“ e °
- ; ‘ q>s ; —-
crr PERMIS DE CONDUIRE - L =— ’ :..<L_—- âe> ‘ f""' _
. /æ … 22/109085 » 20145-03-13 ‘ L-
. ,-‘ ‘} ,. N…AR : a ‘ “ 107 AL.À—‘\ ,3 - ; . .
P ° , ( e>
.. ; L “ . ‘ - ‘ L / -
_ , -e p musoamu 1 sA ) dAN 5 ,
é * “ - . —\ 5 - ° - ,""
; ; L ):— s, ÎUN_IS - 1995-11-15 - - PS <1
st —- | su
; S 2j | c.-> 4s
< l\—-oàw—ùb«ü-n Z Matr du é/ésrunce 3 V 4 Préneue & Date etfeu de maimance 6 Namero de laCarts | * -
. dUérn: tr \.r—««:u M \47 - !m‘g«m— 9 Dots de drilerance per cutégocie 1O Date d'échéance per calre- é »
, )
"
permis2.jpg,permis_conduire,"REPUHLIQUE TUNISIFNNE

PERVIS DE CONINTRR

LIl duas,

101/ 126360 2 12-08-1989

{ , «(*“""ä 3.6OU2ID
&

“ 4 MOKMTAR
} — | STUNIS
-; 5s

“-—l—""-‘ >

AS 5 à

uü_,î $

00069630 »

Qu Âs SIN ù -

08-06-1954

A L

l\—.œ.——. '-""""—t t\.f._-.l:»_ A Vn à es l.lh—un-—‘: \,\…n.l. L PS

ce en r & , e 0 t1eto e < 201000 LaUE S UE t B'éshéane tguete

» U amuces 17es Ts _ 13 3reaie Cn moure es n uè
“ e 6 es e — udihe 4

2 “ cr0mdteuns 14 Notwr
_ F ‘_)——_:-..|-u-u….- svLars

» de l'ogéretue

LaET

-
"
permis3.jpg,permis_conduire,"|

—— mt

—— -— t"" —

; ‘ REPUBLIQUE TUNISIENNE [7 _J *—v:—**””

PERMIS DE CONDUIRE <“ 45lsdo,
p 1.01/547892 2. 15-07-1970
,/ - \—\_ 3. BEN AMMAR
4 > a& v 4. AHMED

5. SFAX
4\ 7. 12 RUE DE LA LIBERTE, SFAX
/ 8 A1 25-05-1995 / 24-05-2010
A 20-06-1998 / 19-06-2013
uuul 4 ME o—!U B 10-11-2000 / 09-11-2015
COMMUNEDESFAX 9. C 12-12-2005 / 11-12-2020

Suerergurs À Mome du d Berriare par “ Sulantre  LO Duts ds C'éachentones & La Cars
” ""|—::—ù‘…uoynp cæ7re à P Deene lI…: 1) Nanure de F =—e
u“ err
M…h&…où

\

..h‘
"
permis4.jpg,permis_conduire,"- —0

REPUBLIQUE TUMISIENNE [5 à3 458 L33 en

- ?

FERMIS DE CONDUIRE 25l dna>)
_— 1 12/ 126360 2  12-08-1989
( \ 3 BEN AHMED ds c 3
f SN 4 KHALED ' ALà 4
;-- 5 SOUSSE âLa ue S
AËN 3
08-06-1975 00069660 6
L“‘*ä$Î Ï c08

l…hmm&p«ænﬂ!MG«…AM‘…&M«M&-…\\@&!«\“
.(…r\; muzei V Niane à de q 0m3 czea Daets Ls LA delicrace e pas catogree: 13 T 050 MS rn e c28e
1 wT -ùuù…ü.ndrvaùp—mn.yro:bl«:.n__t.a\ ÜWË:VÙ‘Œ
ll\:—*«&lﬁ:«…u e fequee af ervenuhe 51 prende en s30<45 6a prrañn ée Cent 174

"
permis5.jpg,permis_conduire,"REPUBLIQUE TUNISIENNE &s N L3 5 gI

PERAUS DE CONDUIRE 25l dr>)
=—a5 1. 14-07-1975 2. 12-08-1999

E TR 2 Sfax vjp 3 l
{{ç_._, {=ç 3. BEN SALEM - «,
(I V 4 KHAUL Jésai à
\=- ( 10-00-2015 vs |
)\\““"") ÈN 6. 00078912 00078910 6 !
c- —, 7 25 Ruc de la Uiboerté, Tunis A H“J““U""”‘ 3 g
LS B cs.

1 Mrnde d payet de rcncerre uù ur cm drkorcnte À Mau À Macn $ Dce d e de utance à Nur-rs és L Cara
2c- — Sn * KG33 00 put cœetecus 8 Date € éovs- ce ps cætprs l: Trate J'âteux € vs r‘)
L Ane “""at<: à1 Lvmcr > Saact e SU .\a—r—.—-o-;:«-«n&.;u:«-;,« e avve) 45 …£Îl

l.k‘a£nùh.ufqa Nerno tu covete La pertue ke açeee Ice prrne ûe cu Srve }
"
permis6.jpg,permis_conduire,"= - - . - . —. - — >
. _ \ . - —-
— 200 d

, -— - ;
= m S SS

/ RÉPUBLIQUE TUNISIENNE ps

PERMIS DE CONDUIRE = UL_.» &oes, -
, . No. de permis 2. Date de délivrance p
- 45 / 129834 2023-11-01 _ … [=""
. Nom de délivrance Leuti « |=-
_ . BEN SALEM N 615l $ 1
. Prénom
4 ‘ YASSI_NE ‘ YASSINE 5
| . Dateset !:eu de naïssance 6. No. Carte d'identté |__
1998-05-20, SFAX 09871234.6

_ À‘ 7. Adresse ‘

— ;\"" - 14 RUE-HABIB BOURGUIBA, 3000 SFAX .
| Käf‘ B Catégories L
—1 3 BCDE à

1. Nomere da prrvais É condaire L Date de déivrance 3 Noun À Prinom S Date et Ecu Gc poius.aecy & Nazsére éc la Carte

d'htratits Nationale 7 Admlis & (ollg«ñ« 9 Date de 6lllvvuu par udçkh 10 Date d'échtraes par cucécorid

-] 11 Resceietions 32 Periais …\pﬂ\ﬂ nu…dopmn«rnç«ùdub«uluﬁ&ahy U\Wül‘cpkﬂo.
\ 34. Noenbre de Btres deivris 1S Nurmem rels£il À Le grstibe des barpririas és permés de cond

… E Ç .
PS T — cP pa <——— e tn
_— - A .. A w .- 7 -
.. - ‘ ‘W —
- .- 3 - - » — ‘
__ - —0 = - ‘ - — - - — -
"
exp.png,rapport_expertise,"EXPERTISE PLUS
Cabdinet d'enpertise d'assurances RAPPORT D'EXPERTISE
N° - ExP-2024-0789

Asauré : Ahmed Ben Solah Date : 16/05/2024
N° Contrat : 00123456

Noturte du sinistre : Accident de la circutation

Date du sinistre : 12/0S/2024

Lieu du sinistre : Tunis - Avenue Habib Bourguiba

1. DESCRIPTION DES DONMAGES
Choc frontal avec un autre véhicu!e.
Dégâts importants sur là partie avant.

2, ÉVALUATION DES DOMMAGES
DÉSIONATION

Pore-chocs avant

Phare gauche

Moin d'œuvre 300,000

2750,000

3. CONCLUSION
Les dommages sont conséails à un aocident ce lo circulotion.

Le coût des réparations est estimé à deux mille sept cent cinquante dinsrs.

Expert :

Nabil Kchoou

Signature & Cachet EXPERTISE PLUS
Cotinet Couprente Cte pncos

"
exp2.png,rapport_expertise,"° 2 n* ExP-2024-0517
RAPPORT D'EXPERTISE appone EXP OE

1. INFORMATIONS GÉNÉRALES
Cadinet (spectivrs À Comets

Espert mandaté :
M Juten Mortn

Expert -
Adresse : 1!MGOBRJMIQœ.W\yŒI

Téléphone : 04 78 12 34 56

Emaël: cortact@apertises-convets fr
Masion : Enpertrte suite à dégit des eaux
Date de la mistion : 15/05/2024

Ueu de la mistion : 12 rue des Fleurs, 69003 Lyon
Demandeur : Assurerce SécuriPro

Assuré : M Dupont Jean

N° de contrat : SP.2023 09876

2. DESCRIPIION DES FAITS
le 14/05/2024 vers 22H00 provenant du plalond de L safe debain

L'assure déclare avost constaté une fuite d'eau
provoquant 6s mfilratiors €t des dommages su plafond et au Muf du salon sAué en dessous
L'orgime présurmnée Ge la fuite provrent d'une canslisation encastrée dans le mur de ls saile de baun

3 EXAMEN EF CONSTATATIONS

« Funte d'eau conéymée su ruvesu S'un raccord de canalisation (salle de dain) 1

.T:xu…onnüohwkﬂulædubmœulm \
« Perture cloquée @ partiellement décoliée ‘
» Plnthe en dois déformée par l'humidité

« Atbsence de vétusté apparente des installatons - î
« Prétence d'eau stagnante au soi lors de La visite

4. ORIGINE DU SINISTRE

Fuite d'eau d'orgine accidentelle due
use Usure du matèræl / corroson

c
S. ÉVALUATION DES DOMMAGES -

45000

à La rupture d'un taccord de canalssation encastrée

SE e V eS
Reprire pe r , Isæon)

hpvmp«\mmæluﬂl)

survenue le 14/05/2024

Les dommages constatés sont en en direct avec la luite d'eau
Le coût des réparations est esumé à 1 560,00 €TTC

Cette évaluation est valable pour une durée de 3 mors à compter Ge La date du présent rapport.

Fait à Lyon, te 17/05/2024
L'erpert
Julien Martn

« Pnotos (6)
« Dewn réparations
« Croqus
"
exp3.png,rapport_expertise,"A E—
017 20525 ° T-

— —- - _(/

— ,’/ ——F _//_;//Af. —LF 7

- L - î _
e

Rapport n° : EXP-2024-0621

RAPPORT D'EXPERTISE nn

1. INFORMATIONS GÉNÉRALES

Cabinet Expertises & Conseils

Expert: M lufien Martin
23 rue de la République, 69002 Lyon

Adresse :
04 78 12 34 56

Expert mandaté :

Téléphone :
Email: contact@expenises-conseils fr
Mission : Expertise suite à dégât des eaux

20/06/2024
15 rue des Tilleufs, 69003 Lyon
Assurance Protect+
Mme Claire Bermard
PRT-2024-112233

Date de la mission :
Lieu de la mission :
Demandeur :
Assuré :

N° de contrat :

2. DESCRIPTION DES FAITS

L'assurée déclare avoir constaté une fuite d'eau
de la salle de bain, provoquant des infiltrations e

le 19/06/2024 vers 18h30 provenant du plafond
t des dommages au plafond et au mur du safon

situés en dessous.
L'origine présumée de la fuite proviel

nt d’une canalisation encastrée dans le mur de la salle de bain.

3. EXAMEN ET CONSTATATIONS

» Fuite d'eau confirmée au niveau d'un raccord de canalisation (salle de bain).

» Traces d'humidité et auréoles sur le plafond et le mur du salon.

e Peinture cloquée et partiellement décollée.
e Plinthe en bois déformée par l'humidité.
+ Absence de vétusté apparente des installations.

» Présence d'eau stagnante au sol lors de la visite.

4. ORIGINE DU SINISTRE

Fuite d’eau d'origine accidentelle due à [
Cause : Usure du matériel / corrosion.

la rupture d'un raccord de canalisation encastrée.

5. ÉVALUATION DES DOMMAGES

Désignation
Reprise peinture plafond (saion}

Montant HT (©

Détail
| Surface . 22 m*
Surface : 18 m*

Reprise pemnture mur (salon)

Longueur : 10 ml
Intervention + produit

Remplacement plinthe bois
210,00

Séchage et traitement anti-moisissures

1148,00

Divers / Imprévus

6. CONCLUSION
Les dommages constatés sont en lien direct avec la fuite d'eau survenue le 19/06/2024.

Le coût des réparations est estimé à 1 377,60 E TTC.
Cette évaluation est valable pour une durée de 3 mois à compter de la date du présent rapport.

Fait à Lyon, le 21/06/2024
L'expert,
Jutien Martin

H- _

7. ANNEXES

« Photos (6)
e Devis réparations

. Éraniis
"
exp4.png,rapport_expertise,"Rapporn* EXP.2024 0728
a

2024
/ RAPPORT D'EXPERTISE Date 24/06/

1 |NFORMATIONS GÉNÉRALES

Expert mandaté - Cabinet Expertses & Conseils
Expert :

M. lulien Martm
Aéresse : 23 rue de la République, 69002 Lyon
Téléphone : 04 78 1234 56
Emeail ; contact@expertises conseils.fr
Mission ; Expertise suite à dégât des eaux
; Date de la mission ; 21/06/2024
*. _] Leu de la mission ; 12 avenue des Tilleuls, 63008 Lyon
Demandeur : Assurance Protect+
} Assuré : Mme Clare Bernard
4 N° de contrat :

PRT-2024-556677

2 DESCRIPTION DES FAITS

L'assurée déclare Avoir constaté ur
de la cuisine, Provoquant des infi
L'origine Présumée de la fuite p

me fuite d'eau le 21/06/2024 vers 17h30 provenant du plafond
itratrons et des dommages au plafond et au mur adjacent.
rovient d'une canalisation encastrée dans le mur de la cuisine.

B. EXAMEN ET CONSTATATIONS

* Fuite d'eau confirmée au niveau d'un raccord de canalisation (cuisine),
* Traces d'humudité et auréoles sur le ptafond et le mur de la cuisine.

* Peinture cloquée et Partiellement décollée

* Plinthe en bois déformée par l'humidité

* Absence de vétusté apparente des installations,
* Présence d'eau stagnante au sol fors de la visite

4. ORIGINE DU SINISTRE

Fuite d'eau d'ongme accidentelle due à
Cause : Usure du maténiel # corroston,

la rupture d'un raccord de canalisation encastrée

S. ÉVALUATION DES DOMMAGES
lﬁm——m
—ﬁ.
_—;;_
879,00
M es

1054,80

Les dommages constatés sont en lien direct avec la fuite d'eau surv

‘enue le 21/06/2024,
Le coût des réparations est estimé à 1 054,80 € TTC.

Cette évaluation est valable Pour une durée de 3 mois à compter de la date du présent rapport.

7. ANNEXES

Fait à Lyon, le 24/06/2024
» Photos (6}

L'expert,
Julien Marti,
| Devis réparations ien Martin
Croquis ;
Oreate AI
——"" .

x -

\\
"
exp5.png,rapport_expertise,"“
EXPERTISE PLus \
Cabinet d'expertise d’assurances RAPPORT DÈXPERÏ\SE
Assuré: Ne : EXP-2024—0891
* Sami Trabelsi Date : 18/05/ 2024
N° Contrat : 00876543
Nature du sinistre : Accident de la circulation
Date du sinistre : 08/05/2024 |
Lieu du sinistre : Tunis - Route de La Marsa

1. DESCRIPTION DES DOMMAGES
Collision avec un autre véhicule à un carrefour.

Dégâts matériels sur l'avant et le côté gauche du véhicule assuré. !
\ Ü
2. EVALUATION DES DOMMAGES !

DÉSIGNATION MONTANT (DT)
Aile avant gauche 1350,000

Phare avant gauche 650,000

000 p
|
ÿ 3. CONCLUSION ; |
] 4. + * t' .
,,f4 Les dommages sont consécutifs à un accndent]de la Î;ITCU at |o_: ante rrs \Ç
'/J Le coût des réparations est estimé à quatre mille trois cent cinq |
/ |
#
#
A Expert :
# Nabil Kchaou
I Signature & Cachet

7 f - /

; v “7_ , ;
B / G // V p // /
121 102 SM y “ / Oreate AI
"
exp6.png,rapport_expertise,"p- -

abinet d’ex
Pertise d’assur RaP
ances PORT D'EX
PERTISE
Assuré : E
* Rania Ben Al e

t ; ñ Date : 02/06,
N ntrat : 00987654 Cm |

atu ini : ‘

re dL{ Sinistre: — Accident de la circulation ""À

Date du sinistre : 30/05/2024 ‘

Lieu du sinistre : Sfax - Route de Gabès

1. DESCRIPTION DES DOMMAGES

Collision avec un autre véhicule à un carrefour, ; e

Dégâts matériels sur l’avant et le côté droit du véhicule assuré. °
! »
2. EVALUATION DES DOMMAGES r
’ .

DÉSIGNATION MONTANT (DT) 4 )

1200,000

|
1450,000

j 800,000

Peinture et ajustements

7100,000
TOTAL |
!

\

, 3. CONCLUSION
Les dommages s0
‘ Le coût des réparations €

Pare-chocs avant
Aile avant droite

Phare avant droit

Porte avant droite

ifs à i irculation. ;
nt consécutifs à un accident de la circ! |

st estimé à sept mille cent dinars.

rt:
| n EXPERTISE PLUS
Nabll K Cabinet d'expertise d'as rances
signature & Cachet

L. 1S Oreate AI
"
